Datum,Heim,Gast,Uhrzeit
12.09.2026 (Sa),PSV,Altentreptow II,19:00 Uhr
27.09.2026 (So),Torgelow,PSV,16:00 Uhr
09.10.2026 (Fr),PSV,Waren,19:00 Uhr
07.11.2026 (Sa),PSV Stralsund,PSV, 19:00 Uhr
21.11.2026 (Sa),PSV,Neubrandenburg,14:00 Uhr
13.12.2026 (So),Stralsunder HV,PSV,14:30 Uhr
09.01.2027 (Sa),Altentreptow II,PSV,19:00 Uhr
27.02.2027 (Sa),PSV,PSV Stralsund,16:30 Uhr
06.03.2027 (Sa),Waren,PSV,16:00 Uhr
13.03.2027 (Sa),PSV,PSV Stralsund,18:00 Uhr
17.04.2027 (Sa),Neubrandenburg II,PSV,14:00 Uhr
24.04.2027 (Sa),PSV,Stralsunder HV II,16:30 Uhr
